<?xml version="1.0" encoding="utf-8"?>
<ArrayOfRealyTable xmlns:xsi="http://www.w3.org/2001/XMLSchema-instance" xmlns:xsd="http://www.w3.org/2001/XMLSchema">
  <RealyTable>
    <Name>AVAS</Name>
    <NC>1</NC>
    <BAT>0</BAT>
    <GND>0</GND>
  </RealyTable>
  <RealyTable>
    <Name>AVAS_BAT</Name>
    <NC>2</NC>
    <BAT>0</BAT>
    <GND>0</GND>
  </RealyTable>
  <RealyTable>
    <Name>AVAS_CAN_L</Name>
    <NC>3</NC>
    <BAT>0</BAT>
    <GND>0</GND>
  </RealyTable>
  <RealyTable>
    <Name>AVAS_GND</Name>
    <NC>4</NC>
    <BAT>0</BAT>
    <GND>0</GND>
  </RealyTable>
  <RealyTable>
    <Name>BMS01</Name>
    <NC>5</NC>
    <BAT>0</BAT>
    <GND>0</GND>
  </RealyTable>
  <RealyTable>
    <Name>BPM01</Name>
    <NC>6</NC>
    <BAT>0</BAT>
    <GND>0</GND>
  </RealyTable>
  <RealyTable>
    <Name>>Mirror_r2u</Name>
    <NC>7</NC>
    <BAT>0</BAT>
    <GND>0</GND>
  </RealyTable>
  <RealyTable>
    <Name>WN_left_down</Name>
    <NC>8</NC>
    <BAT>0</BAT>
    <GND>0</GND>
  </RealyTable>
  <RealyTable>
    <Name>WN_left_down</Name>
    <NC>9</NC>
    <BAT>0</BAT>
    <GND>0</GND>
  </RealyTable>
  <RealyTable>
    <Name>WN_left_down</Name>
    <NC>10</NC>
    <BAT>0</BAT>
    <GND>0</GND>
  </RealyTable>
  <RealyTable>
    <Name>>Mirror_r2u</Name>
    <NC>11</NC>
    <BAT>0</BAT>
    <GND>0</GND>
   </RealyTable>
    <RealyTable>
    <Name>WN_left_down</Name>
      <NC>12</NC>
      <BAT>0</BAT>
      <GND>0</GND>
    </RealyTable>
    <RealyTable>
      <Name>WN_left_down</Name>
      <NC>13</NC>
      <BAT>0</BAT>
      <GND>0</GND>
    </RealyTable>
    <RealyTable>
      <Name>WN_left_down</Name>
      <NC>14</NC>
      <BAT>0</BAT>
      <GND>0</GND>
    </RealyTable>
    <RealyTable>
      <Name>WN_left_down</Name>
      <NC>15</NC>
      <BAT>0</BAT>
      <GND>0</GND>
    </RealyTable>
    <RealyTable>
      <Name>WN_left_down</Name>
      <NC>16</NC>
      <BAT>0</BAT>
      <GND>0</GND>
    </RealyTable>
    <RealyTable>
      <Name>WN_left_down</Name>
      <NC>17</NC>
      <BAT>0</BAT>
      <GND>0</GND>
    </RealyTable>
    <RealyTable>
      <Name>WN_left_down</Name>
      <NC>18</NC>
      <BAT>0</BAT>
      <GND>0</GND>
    </RealyTable>
    <RealyTable>
      <Name>WN_left_down</Name>
      <NC>19</NC>
      <BAT>0</BAT>
      <GND>0</GND>
    </RealyTable>
    <RealyTable>
      <Name>WN_left_down</Name>
      <NC>20</NC>
      <BAT>0</BAT>
      <GND>0</GND>
    </RealyTable>
    <RealyTable>
      <Name>WN_left_down</Name>
      <NC>21</NC>
      <BAT>0</BAT>
      <GND>0</GND>
    </RealyTable>
    <RealyTable>
      <Name>WN_left_down</Name>
      <NC>22</NC>
      <BAT>0</BAT>
      <GND>0</GND>
    </RealyTable>
    <RealyTable>
      <Name>WN_left_down</Name>
      <NC>23</NC>
      <BAT>0</BAT>
      <GND>0</GND>
    </RealyTable>
    <RealyTable>
      <Name>WN_left_down</Name>
      <NC>24</NC>
      <BAT>0</BAT>
      <GND>0</GND>
    </RealyTable>
    <RealyTable>
      <Name>WN_left_down</Name>
      <NC>25</NC>
      <BAT>0</BAT>
      <GND>0</GND>
    </RealyTable>
    <RealyTable>
      <Name>WN_left_down</Name>
      <NC>26</NC>
      <BAT>0</BAT>
      <GND>0</GND>
    </RealyTable>
    <RealyTable>
      <Name>WN_left_down</Name>
      <NC>27</NC>
      <BAT>0</BAT>
      <GND>0</GND>
    </RealyTable>
    <RealyTable>
      <Name>WN_left_down</Name>
      <NC>28</NC>
      <BAT>0</BAT>
      <GND>0</GND>
    </RealyTable>
    <RealyTable>
      <Name>WN_left_down</Name>
      <NC>29</NC>
      <BAT>0</BAT>
      <GND>0</GND>
    </RealyTable>
    <RealyTable>
      <Name>WN_left_down</Name>
      <NC>30</NC>
      <BAT>0</BAT>
      <GND>0</GND>
    </RealyTable>
    <RealyTable>
      <Name>WN_left_down</Name>
      <NC>31</NC>
      <BAT>0</BAT>
      <GND>0</GND>
    </RealyTable>
    <RealyTable>
      <Name>WN_left_down</Name>
      <NC>32</NC>
      <BAT>0</BAT>
      <GND>0</GND>
    </RealyTable>
    <RealyTable>
      <Name>WN_left_down</Name>
      <NC>33</NC>
      <BAT>0</BAT>
      <GND>0</GND>
    </RealyTable>
    <RealyTable>
      <Name>WN_left_down</Name>
      <NC>34</NC>
      <BAT>0</BAT>
      <GND>0</GND>
    </RealyTable>
</ArrayOfRealyTable>