<?xml version="1.0" encoding="utf-8" standalone="yes" ?>
<testmodule starttime="2017-05-08 10:40:19" timestamp=" 113.740000" verdicts="2_basic">
  <violation timestamp=" 113.740000" type="warning" result="warn">This is only a DEMO variant of CANoe!</violation>
  <verdict time="2017-05-08 10:40:19" timestamp=" 113.740000" endtime="2017-05-08 10:40:19" endtimestamp=" 113.740000" result="pass" />
  <title>Midas</title>
  <testlogfiles>
    <testlogfile file="" />
  </testlogfiles>
  <engineer>
    <xinfo>
      <name>Windows Login Name</name>
      <description>KZ8383</description>
    </xinfo>
  </engineer>
  <testsetup>
    <xinfo>
      <name>Version</name>
      <description>CANoe.ISO11783.J1939.CANaero.CANopen.LIN.MOST.FlexRay.J1587.Ethernet.Car2x.AFDX.A429.Scope 9.0.111 (SP4)</description>
    </xinfo>
    <xinfo>
      <name>Configuration</name>
      <description>C:\Users\Public\Documents\Vector\CANoe\9.0 (x64)\CANoe Sample Configurations\CAN\CANSystemDemo\MidasAPI.cfg</description>
    </xinfo>
    <xinfo>
      <name>Configuration Comment</name>
      <description></description>
    </xinfo>
    <xinfo>
      <name>Test Module Name</name>
      <description>Midas</description>
    </xinfo>
    <xinfo>
      <name>Test Module File</name>
      <description>H:\SYSTEM\My Documents\CANoe\Midas\Midas.dll</description>
    </xinfo>
    <xinfo>
      <name>Last modification of Test Module File</name>
      <description>2017-05-08, 10:38:03</description>
    </xinfo>
    <xinfo>
      <name>Windows Computer Name</name>
      <description>SENEVSCL0598</description>
    </xinfo>
    <xinfo>
      <name>Nodelayer Module J1939TestServiceLibraryNL</name>
      <description>J1939 Test Service Library for CANoe, Version 9.0.111, C:\Program Files\Vector CANoe 9.0\Exec32\J1939TestServiceLibraryNL.dll</description>
    </xinfo>
  </testsetup>
</testmodule>
<!--footprint="d44a284dccaead00e502a0744669cfb0" version="1"-->
